{
  "col1": [
    0.3116319444444444,
    0.15432098765432098,
    0.20572916666666666,
    0.5648148148148148
  ],
  "col2": [
    0.4791666666666667,
    0.1404320987654321,
    0.22395833333333334,
    0.6111111111111112
  ]
}