{
  "col1": [
    0.25752314814814814,
    0.1779835390946502,
    0.2378472222222222,
    0.6275720164609053
  ],
  "col2": [
    0.5648148148148148,
    0.18930041152263374,
    0.2835648148148148,
    0.6460905349794238
  ]
}